record_id,field,old_value,new_value,editor,date,record_name,notes
10000,units_gross,,200,Data Engineering,6/26/2020,250 Water St,Reference 5/25 kpdb as base - issue #204
10015,units_gross,,200,Data Engineering,6/26/2020,20 Clifton Street,Reference 5/25 kpdb as base - issue #204
P2005M0053,units_gross,,12618,Capital Planning: Mark Shapiro,4/29/2020,Hudson Yards,"Hudson Yards's EIS unit count is 13508. There are currently 1538 units from overlapping District Improvement Bonus (DIB) residential DCP applications, which are also included in the KPDB. Therefore we are removing these units from the 13508 count."
P2015R0498,units_gross,,5,Capital Planning: Mark Shapiro,5/22/2020,"Arbutus Avenue (Block 6253, Lot 24)",0
P2017R0433,units_gross,,2,Capital Planning: Mark Shapiro,5/22/2020,774 New Dorp Lane,0
2020K0401,units_gross,,3,Capital Planning: Mark Shapiro,5/22/2020,248 50th St Residential Authorization,0
P2015R0550,units_gross,,4,Capital Planning: Mark Shapiro,5/22/2020,Stanley Avenue,0
2020M0207,units_gross,,8,Capital Planning: Mark Shapiro,5/22/2020,43 East 20th Street Conversion,0
2020R0309,units_gross,,40,Capital Planning: Mark Shapiro,5/22/2020,E. Perkiomen Avenue & E. Reading,0
P2017M0265,units_gross,,40,Capital Planning: Mark Shapiro,5/22/2020,135th Street -12th Avenue Rezoning,0
P2018R0035,units_gross,,50,Capital Planning: Mark Shapiro,5/22/2020,209 Flagg Place,0
2019R0233,units_gross,,56,Capital Planning: Mark Shapiro,5/22/2020,Cole Street Development,0
2019K0167,units_gross,,64,Capital Planning: Mark Shapiro,5/22/2020,22+28 Woods Place,Unclear if moving forward
2020K0292,units_gross,,70,Capital Planning: Mark Shapiro,5/22/2020,Bed-Stuy East and Weeksville UDAAP,0
P2017R0009,units_gross,,1,Capital Planning: Mark Shapiro,5/22/2020,31 & 41 Shields Place,0
2019R0087,units_gross,,1,Capital Planning: Mark Shapiro,5/22/2020,91 and 95 Westentry Road,0
P2017Q0380,units_gross,,40,Capital Planning: Mark Shapiro,5/22/2020,26th Road Rezoning,0
P2018R0298,units_gross,,95,Capital Planning: Mark Shapiro,5/22/2020,450 New Dorp Lane  - Sunrise,0
2019K0321,units_gross,,105,Capital Planning: Mark Shapiro,5/22/2020,46 Nelson Street,Project record may be closed in future
2019Q0089,units_gross,,108,Capital Planning: Mark Shapiro,5/22/2020,21-31 46th Avenue Rezoning,Record closed
P2017M0001,units_gross,,111,Capital Planning: Mark Shapiro,5/22/2020,SoHo Tower Parking Garage,0
P2017R0322,units_gross,,118,Capital Planning: Mark Shapiro,5/22/2020,Princes Point Development,0
2019K0223,units_gross,,131,Capital Planning: Mark Shapiro,5/22/2020,1317 Bedford Ave,"Placing in last year's unit count value, project uncertain"
P2016M0220,units_gross,,140,Capital Planning: Mark Shapiro,5/22/2020,West 23rd Street text amendment,0
P2017X0116,units_gross,,170,Capital Planning: Mark Shapiro,5/22/2020,St. Paul's Evangelical Lutheran Church,0
P2016X0348,units_gross,,188,Capital Planning: Mark Shapiro,5/22/2020,815 Westchester Avenue - Rezoning,0
2020K0138,units_gross,,236,Capital Planning: Mark Shapiro,5/22/2020,Ruby Street Rezoning,Project may not move forward
2019Q0035,units_gross,,250,Capital Planning: Mark Shapiro,5/22/2020,Rochdale Village Rezoning,"Project very uncertain, Stephen indicates that there was 1 meeting over a year ago. Suggests far out phasing."
P2017M0394,units_gross,,260,Capital Planning: Mark Shapiro,5/22/2020,NYU Core - 181 Mercer St minor mod,260 units is from a faculty house. There are 1.2K dorm beds as well.
P2017M0184,units_gross,,276,Capital Planning: Mark Shapiro,5/22/2020,West 125th Street Rezoning,"Site relatively uncertain, but for now unit count is 276."
2020Q0106,units_gross,,296,Capital Planning: Mark Shapiro,5/22/2020,Evangel Church Rezoning,0
P2015K0206,units_gross,,2250,Capital Planning: Mark Shapiro,5/22/2020,Greenpoint Terminal Market,Project has not moved forward in the last year
2019K0439,units_gross,,800,Capital Planning: Mark Shapiro,5/22/2020,470 Kent Avenue,0
P2012M0387,phasing_known,,0,Capital Planning: Mark Shapiro,6/9/2020,,
P2018Q0312,units_gross,,200,Capital Planning: Mark Shapiro,5/22/2020,,
2020M0290,units_gross,,30,Capital Planning: Mark Shapiro,5/22/2020,,
2018Q0489,units_gross,,2100,Capital Planning: Mark Shapiro,5/22/2020,,
2018X0485,units_gross,,3500,Capital Planning: Mark Shapiro,5/22/2020,,
a240aca32014f3980a618b806b402ec8,units_gross,,400,Capital Planning: Mark Shapiro,6/9/2020,,
2018K0456,units_gross,,242,Capital Planning: Mark Shapiro,6/9/2020,,Project has already materialized. Updated project ID added for DOB jobs.
788db8234b6b4deab4556b28de0c3e70,units_gross,,240,Capital Planning: Mark Shapiro,6/9/2020,,
c194962ac9a041e0557df674f645335b,units_gross,,200,Capital Planning: Mark Shapiro,6/9/2020,,
fd5cee49cd6d942d71279c7352955e9f,units_gross,,200,Capital Planning: Mark Shapiro,6/9/2020,,
b4909e7ec7fb45976c4a893c2804c9ec,units_gross,,180,Capital Planning: Mark Shapiro,6/9/2020,,
2019K0238,units_gross,,173,Capital Planning: Mark Shapiro,6/9/2020,,
97d7f0f50553fa206a9a4744a16e43ba,units_gross,,100,Capital Planning: Mark Shapiro,6/9/2020,,
P2013K0352,units_gross,,64,Capital Planning: Mark Shapiro,6/9/2020,,
b64b29ff6c00cbd7a11c6b4947a845a0,units_gross,,50,Capital Planning: Mark Shapiro,6/9/2020,,Replaced by Planner-Added Project: Rockaway Village
68465ee207a8f073d11b9d7d46a6fa5d,units_gross,,14,Capital Planning: Mark Shapiro,6/9/2020,,
3ed9b82c19ca7e78df3945520f1d2d36,prop_within_5_years,,1,Capital Planning: Mark Shapiro,6/9/2020,,
ad679d8e6bddec53295c94ad0c78df02,prop_within_5_years,,0,Capital Planning: Mark Shapiro,6/9/2020,,Project should match with a completed DOB job
b223fe4334d4b2844d42233f7223131c,prop_within_5_years,,0,Capital Planning: Mark Shapiro,6/9/2020,,
adca2bff7cd34cc4729536084e462de6,prop_within_5_years,,0,Capital Planning: Mark Shapiro,6/9/2020,,
b5861cdfaf72dc2005ef30b74ffe8e36,prop_within_5_years,,0,Capital Planning: Mark Shapiro,6/9/2020,,Project has already materialized. Updated project ID added for DOB jobs.
dfbffefca343e462143ddda722bb3c28,prop_within_5_years,,0,Capital Planning: Mark Shapiro,6/9/2020,,
73e47c59878bee39d4feae6e7fb8e326,prop_within_5_years,,0,Capital Planning: Mark Shapiro,6/9/2020,,
bbf9a4b014d6fe6d545c4ef6aca30a09,prop_within_5_years,,0,Capital Planning: Mark Shapiro,6/9/2020,,
95320b5c0b4b7cc9386eb9d7127ba3fd,prop_within_5_years,,0,Capital Planning: Mark Shapiro,6/9/2020,,
d849579c6f7afc5c1dfdaeef7ca20d97,prop_within_5_years,,0,Capital Planning: Mark Shapiro,6/9/2020,,
a7c056870a43441dd9ad2fb1e55fe582,prop_within_5_years,,0,Capital Planning: Mark Shapiro,6/9/2020,,
7cb475e53d8148cd04b8604c68c086c6,prop_within_5_years,,0,Capital Planning: Mark Shapiro,6/9/2020,,Should match with a higher-certainty job
7ac4035abc2f08446576e7b5a09a723e,prop_within_5_years,,0,Capital Planning: Mark Shapiro,6/9/2020,,
610f20575bf8a31bc8f2bc7e5eb08389,prop_within_5_years,,0,Capital Planning: Mark Shapiro,6/9/2020,,
0bcfe6ad490aa79dbb4157b9fab58cad,prop_within_5_years,,0,Capital Planning: Mark Shapiro,6/9/2020,,
7072a7187235481a5a48fa8abf4a8d0b,prop_within_5_years,,0,Capital Planning: Mark Shapiro,6/9/2020,,
b668743950b63e4742d1f606e660dd75,prop_within_5_years,,0,Capital Planning: Mark Shapiro,6/9/2020,,
2b86880b6aa5ed60f22f2d9513dc2a90,prop_within_5_years,,0,Capital Planning: Mark Shapiro,6/9/2020,,
e1c76cffaeb2a6a82ddd62c8e8534008,prop_within_5_years,,0,Capital Planning: Mark Shapiro,6/9/2020,,Replaced by Planner-Added Project: Rockaway Village
594c1d592d4de43c6c0c1d232a70feed,prop_within_5_years,,0,Capital Planning: Mark Shapiro,6/9/2020,,Part of P2014K0469
635ff6537e7a636fd1facb1ee48deb5a,prop_within_5_years,,0,Capital Planning: Mark Shapiro,6/9/2020,,
836416c20cfc84ac70ed8db6b23cea43,prop_within_5_years,,0,Capital Planning: Mark Shapiro,6/9/2020,,
d804894b129e639ac73a81ca07f146ea,prop_within_5_years,,0,Capital Planning: Mark Shapiro,6/9/2020,,
687ec76d3764be70fe3e9b6257b2925d,prop_within_5_years,,0,Capital Planning: Mark Shapiro,6/9/2020,,Whole unit count is AOR
3332870229c9fd26ee08570350b7c6fa,prop_within_5_years,,0,Capital Planning: Mark Shapiro,6/9/2020,,
e0d5557e47ffc641dd4e8a265080e6e5,prop_within_5_years,,0,Capital Planning: Mark Shapiro,6/9/2020,,
68465ee207a8f073d11b9d7d46a6fa5d,prop_within_5_years,,0,Capital Planning: Mark Shapiro,6/9/2020,,
fd5cee49cd6d942d71279c7352955e9f,prop_within_5_years,,0,Capital Planning: Mark Shapiro,6/9/2020,,
b223fe4334d4b2844d42233f7223131c,prop_5_to_10_years,,1,Capital Planning: Mark Shapiro,6/9/2020,,
adca2bff7cd34cc4729536084e462de6,prop_5_to_10_years,,1,Capital Planning: Mark Shapiro,6/9/2020,,Project should match with a completed DOB job
b5861cdfaf72dc2005ef30b74ffe8e36,prop_5_to_10_years,,1,Capital Planning: Mark Shapiro,6/9/2020,,
dfbffefca343e462143ddda722bb3c28,prop_5_to_10_years,,1,Capital Planning: Mark Shapiro,6/9/2020,,
73e47c59878bee39d4feae6e7fb8e326,prop_5_to_10_years,,1,Capital Planning: Mark Shapiro,6/9/2020,,Project has already materialized. Updated project ID added for DOB jobs.
95320b5c0b4b7cc9386eb9d7127ba3fd,prop_5_to_10_years,,1,Capital Planning: Mark Shapiro,6/9/2020,,
d849579c6f7afc5c1dfdaeef7ca20d97,prop_5_to_10_years,,1,Capital Planning: Mark Shapiro,6/9/2020,,
a7c056870a43441dd9ad2fb1e55fe582,prop_5_to_10_years,,1,Capital Planning: Mark Shapiro,6/9/2020,,
7cb475e53d8148cd04b8604c68c086c6,prop_5_to_10_years,,1,Capital Planning: Mark Shapiro,6/9/2020,,
7ac4035abc2f08446576e7b5a09a723e,prop_5_to_10_years,,1,Capital Planning: Mark Shapiro,6/9/2020,,
610f20575bf8a31bc8f2bc7e5eb08389,prop_5_to_10_years,,1,Capital Planning: Mark Shapiro,6/9/2020,,
0bcfe6ad490aa79dbb4157b9fab58cad,prop_5_to_10_years,,1,Capital Planning: Mark Shapiro,6/9/2020,,Should match with a higher-certainty job
7072a7187235481a5a48fa8abf4a8d0b,prop_5_to_10_years,,1,Capital Planning: Mark Shapiro,6/9/2020,,
b668743950b63e4742d1f606e660dd75,prop_5_to_10_years,,1,Capital Planning: Mark Shapiro,6/9/2020,,
2b86880b6aa5ed60f22f2d9513dc2a90,prop_5_to_10_years,,1,Capital Planning: Mark Shapiro,6/9/2020,,
e1c76cffaeb2a6a82ddd62c8e8534008,prop_5_to_10_years,,1,Capital Planning: Mark Shapiro,6/9/2020,,
594c1d592d4de43c6c0c1d232a70feed,prop_5_to_10_years,,1,Capital Planning: Mark Shapiro,6/9/2020,,
635ff6537e7a636fd1facb1ee48deb5a,prop_5_to_10_years,,1,Capital Planning: Mark Shapiro,6/9/2020,,
836416c20cfc84ac70ed8db6b23cea43,prop_5_to_10_years,,1,Capital Planning: Mark Shapiro,6/9/2020,,Replaced by Planner-Added Project: Rockaway Village
d804894b129e639ac73a81ca07f146ea,prop_5_to_10_years,,1,Capital Planning: Mark Shapiro,6/9/2020,,Part of P2014K0469
687ec76d3764be70fe3e9b6257b2925d,prop_5_to_10_years,,1,Capital Planning: Mark Shapiro,6/9/2020,,
3332870229c9fd26ee08570350b7c6fa,prop_5_to_10_years,,1,Capital Planning: Mark Shapiro,6/9/2020,,
e0d5557e47ffc641dd4e8a265080e6e5,prop_5_to_10_years,,1,Capital Planning: Mark Shapiro,6/9/2020,,
68465ee207a8f073d11b9d7d46a6fa5d,prop_5_to_10_years,,1,Capital Planning: Mark Shapiro,6/9/2020,,
fd5cee49cd6d942d71279c7352955e9f,prop_5_to_10_years,,1,Capital Planning: Mark Shapiro,6/9/2020,,
ad679d8e6bddec53295c94ad0c78df02,prop_5_to_10_years,,0.5,Capital Planning: Mark Shapiro,6/9/2020,,
bbf9a4b014d6fe6d545c4ef6aca30a09,prop_5_to_10_years,,0.5,Capital Planning: Mark Shapiro,6/9/2020,,
3ed9b82c19ca7e78df3945520f1d2d36,prop_5_to_10_years,,0,Capital Planning: Mark Shapiro,6/9/2020,,Project should have fully materialized
P1999R0223,units_gross,,1,HED,4/26/2021,,ZAP review
ad679d8e6bddec53295c94ad0c78df02,prop_after_10_years,,0.5,Capital Planning: Mark Shapiro,6/9/2020,,
bbf9a4b014d6fe6d545c4ef6aca30a09,prop_after_10_years,,0.5,Capital Planning: Mark Shapiro,6/9/2020,,Project should match with a completed DOB job
b223fe4334d4b2844d42233f7223131c,prop_after_10_years,,0,Capital Planning: Mark Shapiro,6/9/2020,,Project has already materialized. Updated project ID added for DOB jobs.
adca2bff7cd34cc4729536084e462de6,prop_after_10_years,,0,Capital Planning: Mark Shapiro,6/9/2020,,
3ed9b82c19ca7e78df3945520f1d2d36,prop_after_10_years,,0,Capital Planning: Mark Shapiro,6/9/2020,,
b5861cdfaf72dc2005ef30b74ffe8e36,prop_after_10_years,,0,Capital Planning: Mark Shapiro,6/9/2020,,
dfbffefca343e462143ddda722bb3c28,prop_after_10_years,,0,Capital Planning: Mark Shapiro,6/9/2020,,
73e47c59878bee39d4feae6e7fb8e326,prop_after_10_years,,0,Capital Planning: Mark Shapiro,6/9/2020,,
95320b5c0b4b7cc9386eb9d7127ba3fd,prop_after_10_years,,0,Capital Planning: Mark Shapiro,6/9/2020,,
d849579c6f7afc5c1dfdaeef7ca20d97,prop_after_10_years,,0,Capital Planning: Mark Shapiro,6/9/2020,,Should match with a higher-certainty job
a7c056870a43441dd9ad2fb1e55fe582,prop_after_10_years,,0,Capital Planning: Mark Shapiro,6/9/2020,,
7cb475e53d8148cd04b8604c68c086c6,prop_after_10_years,,0,Capital Planning: Mark Shapiro,6/9/2020,,
7ac4035abc2f08446576e7b5a09a723e,prop_after_10_years,,0,Capital Planning: Mark Shapiro,6/9/2020,,
610f20575bf8a31bc8f2bc7e5eb08389,prop_after_10_years,,0,Capital Planning: Mark Shapiro,6/9/2020,,
0bcfe6ad490aa79dbb4157b9fab58cad,prop_after_10_years,,0,Capital Planning: Mark Shapiro,6/9/2020,,
7072a7187235481a5a48fa8abf4a8d0b,prop_after_10_years,,0,Capital Planning: Mark Shapiro,6/9/2020,,
b668743950b63e4742d1f606e660dd75,prop_after_10_years,,0,Capital Planning: Mark Shapiro,6/9/2020,,Replaced by Planner-Added Project: Rockaway Village
2b86880b6aa5ed60f22f2d9513dc2a90,prop_after_10_years,,0,Capital Planning: Mark Shapiro,6/9/2020,,Part of P2014K0469
e1c76cffaeb2a6a82ddd62c8e8534008,prop_after_10_years,,0,Capital Planning: Mark Shapiro,6/9/2020,,
594c1d592d4de43c6c0c1d232a70feed,prop_after_10_years,,0,Capital Planning: Mark Shapiro,6/9/2020,,
635ff6537e7a636fd1facb1ee48deb5a,prop_after_10_years,,0,Capital Planning: Mark Shapiro,6/9/2020,,
836416c20cfc84ac70ed8db6b23cea43,prop_after_10_years,,0,Capital Planning: Mark Shapiro,6/9/2020,,Whole unit count is AOR
d804894b129e639ac73a81ca07f146ea,prop_after_10_years,,0,Capital Planning: Mark Shapiro,6/9/2020,,
687ec76d3764be70fe3e9b6257b2925d,prop_after_10_years,,0,Capital Planning: Mark Shapiro,6/9/2020,,
3332870229c9fd26ee08570350b7c6fa,prop_after_10_years,,0,Capital Planning: Mark Shapiro,6/9/2020,,
e0d5557e47ffc641dd4e8a265080e6e5,prop_after_10_years,,0,Capital Planning: Mark Shapiro,6/9/2020,,
68465ee207a8f073d11b9d7d46a6fa5d,prop_after_10_years,,0,Capital Planning: Mark Shapiro,6/9/2020,,
fd5cee49cd6d942d71279c7352955e9f,prop_after_10_years,,0,Capital Planning: Mark Shapiro,6/9/2020,,
85101,phasing_known,,1,Capital Planning: Mark Shapiro,6/9/2020,,
85334,phasing_known,,1,Capital Planning: Mark Shapiro,6/9/2020,,Project should match with a completed DOB job
62193/975454,phasing_known,,1,Capital Planning: Mark Shapiro,6/9/2020,,
65011/985836,phasing_known,,1,Capital Planning: Mark Shapiro,6/9/2020,,
85131,phasing_known,,1,Capital Planning: Mark Shapiro,6/9/2020,,Project has already materialized. Updated project ID added for DOB jobs.
85335,phasing_known,,1,Capital Planning: Mark Shapiro,6/9/2020,,
63766/975380,phasing_known,,1,Capital Planning: Mark Shapiro,6/9/2020,,
63774/976438,phasing_known,,1,Capital Planning: Mark Shapiro,6/9/2020,,
63883/969097,phasing_known,,1,Capital Planning: Mark Shapiro,6/9/2020,,
64415/991889,phasing_known,,1,Capital Planning: Mark Shapiro,6/9/2020,,
64415/991881,phasing_known,,1,Capital Planning: Mark Shapiro,6/9/2020,,
64415/991887,phasing_known,,1,Capital Planning: Mark Shapiro,6/9/2020,,Should match with a higher-certainty job
64415/991879,phasing_known,,1,Capital Planning: Mark Shapiro,6/9/2020,,
64415/991882,phasing_known,,1,Capital Planning: Mark Shapiro,6/9/2020,,
64415/991884,phasing_known,,1,Capital Planning: Mark Shapiro,6/9/2020,,
64415/991883,phasing_known,,1,Capital Planning: Mark Shapiro,6/9/2020,,
64415/991880,phasing_known,,1,Capital Planning: Mark Shapiro,6/9/2020,,
64415/991851,phasing_known,,1,Capital Planning: Mark Shapiro,6/9/2020,,
64415/991886,phasing_known,,1,Capital Planning: Mark Shapiro,6/9/2020,,Replaced by Planner-Added Project: Rockaway Village
64415/991885,phasing_known,,1,Capital Planning: Mark Shapiro,6/9/2020,,Part of P2014K0469
c194962ac9a041e0557df674f645335b,phasing_known,,1,Capital Planning: Mark Shapiro,6/9/2020,,
b4909e7ec7fb45976c4a893c2804c9ec,phasing_known,,1,Capital Planning: Mark Shapiro,6/9/2020,,
788db8234b6b4deab4556b28de0c3e70,phasing_known,,1,Capital Planning: Mark Shapiro,6/9/2020,,
ffee0270521a5dcfba96ab6cd042508c,phasing_known,,1,Capital Planning: Mark Shapiro,6/9/2020,,Whole unit count is AOR
e0eec4543174669bad16f3b65984c04a,phasing_known,,1,Capital Planning: Mark Shapiro,6/9/2020,,
b64b29ff6c00cbd7a11c6b4947a845a0,phasing_known,,1,Capital Planning: Mark Shapiro,6/9/2020,,
a240aca32014f3980a618b806b402ec8,phasing_known,,1,Capital Planning: Mark Shapiro,6/9/2020,,
97d7f0f50553fa206a9a4744a16e43ba,phasing_known,,1,Capital Planning: Mark Shapiro,6/9/2020,,
2018K0456,phasing_known,,0,Capital Planning: Mark Shapiro,6/9/2020,,Redundant with 2019K0333
420652243,phasing_known,,0,Capital Planning: Mark Shapiro,6/9/2020,,
320968609,phasing_known,,0,Capital Planning: Mark Shapiro,6/9/2020,,
321383178,phasing_known,,0,Capital Planning: Mark Shapiro,6/9/2020,,
320912660,phasing_known,,0,Capital Planning: Mark Shapiro,6/9/2020,,
P2013K0352,phasing_known,,0,Capital Planning: Mark Shapiro,6/9/2020,,
2019K0238,phasing_known,,0,Capital Planning: Mark Shapiro,6/9/2020,,
85408,prop_within_5_years,,0,Capital Planning: Mark Shapiro,6/24/2020,,phasing assumption based on planner-added project
85408,prop_5_to_10_years,,0.5,Capital Planning: Mark Shapiro,6/24/2020,,phasing assumption based on planner-added project
85408,prop_after_10_years,,0.5,Capital Planning: Mark Shapiro,6/24/2020,,phasing assumption based on planner-added project
d804894b129e639ac73a81ca07f146ea,phasing_known,,0,Capital Planning: Mark Shapiro,6/24/2020,,Phasing is guessed
68465ee207a8f073d11b9d7d46a6fa5d,phasing_known,,0,Capital Planning: Mark Shapiro,6/24/2020,,Phasing is guessed
adca2bff7cd34cc4729536084e462de6,phasing_known,,0,Capital Planning: Mark Shapiro,6/24/2020,,Phasing is guessed
73e47c59878bee39d4feae6e7fb8e326,phasing_known,,0,Capital Planning: Mark Shapiro,6/24/2020,,Phasing is guessed
95320b5c0b4b7cc9386eb9d7127ba3fd,phasing_known,,0,Capital Planning: Mark Shapiro,6/24/2020,,Phasing is guessed
7072a7187235481a5a48fa8abf4a8d0b,phasing_known,,0,Capital Planning: Mark Shapiro,6/24/2020,,Phasing is guessed
a7c056870a43441dd9ad2fb1e55fe582,phasing_known,,0,Capital Planning: Mark Shapiro,6/24/2020,,Phasing is guessed
0bcfe6ad490aa79dbb4157b9fab58cad,phasing_known,,0,Capital Planning: Mark Shapiro,6/24/2020,,Phasing is guessed
594c1d592d4de43c6c0c1d232a70feed,phasing_known,,0,Capital Planning: Mark Shapiro,6/24/2020,,Phasing is guessed
b223fe4334d4b2844d42233f7223131c,phasing_known,,0,Capital Planning: Mark Shapiro,6/24/2020,,Phasing is guessed
b5861cdfaf72dc2005ef30b74ffe8e36,phasing_known,,0,Capital Planning: Mark Shapiro,6/24/2020,,Phasing is guessed
3332870229c9fd26ee08570350b7c6fa,phasing_known,,0,Capital Planning: Mark Shapiro,6/24/2020,,Phasing is guessed
2b86880b6aa5ed60f22f2d9513dc2a90,phasing_known,,0,Capital Planning: Mark Shapiro,6/24/2020,,Phasing is guessed
P2007R0050,units_gross,,2,HED,4/26/2021,,ZAP review
e1c76cffaeb2a6a82ddd62c8e8534008,phasing_known,,0,Capital Planning: Mark Shapiro,6/24/2020,,Phasing is guessed
836416c20cfc84ac70ed8db6b23cea43,phasing_known,,0,Capital Planning: Mark Shapiro,6/24/2020,,Phasing is guessed
d849579c6f7afc5c1dfdaeef7ca20d97,phasing_known,,0,Capital Planning: Mark Shapiro,6/24/2020,,Phasing is guessed
687ec76d3764be70fe3e9b6257b2925d,phasing_known,,0,Capital Planning: Mark Shapiro,6/24/2020,,Phasing is guessed
fd5cee49cd6d942d71279c7352955e9f,phasing_known,,0,Capital Planning: Mark Shapiro,6/24/2020,,Phasing is guessed
70b3002a084b4b37e428bb3c2203a697,phasing_known,,0,Capital Planning: Mark Shapiro,6/24/2020,,Phasing is guessed
635ff6537e7a636fd1facb1ee48deb5a,phasing_known,,0,Capital Planning: Mark Shapiro,6/24/2020,,Phasing is guessed
85207,prop_within_5_years,,0,Capital Planning: Mark Shapiro,6/26/2020,,phasing assumption based on planner-added project
85207,prop_5_to_10_years,,0.5,Capital Planning: Mark Shapiro,6/26/2020,,phasing assumption based on planner-added project
85207,prop_after_10_years,,0.5,Capital Planning: Mark Shapiro,6/26/2020,,phasing assumption based on planner-added project
P1997R0261,units_gross,,1,HED,4/26/2021,,ZAP review
P1995R0055,units_gross,,1,HED,4/26/2021,,ZAP review
P1998R0305,units_gross,,1,HED,4/26/2021,,ZAP review
P2009R0045,units_gross,,1,HED,4/26/2021,,ZAP review
P2008R0029,units_gross,,1,HED,4/26/2021,,ZAP review
P2001R0278,units_gross,,1,HED,4/26/2021,,ZAP review
P1988R0481,units_gross,,1,HED,4/26/2021,,ZAP review
P1995R0114,units_gross,,1,HED,4/26/2021,,ZAP review
P1998R0298,units_gross,,1,HED,4/26/2021,,ZAP review
P1998R0367,units_gross,,1,HED,4/26/2021,,ZAP review
P2002R0240,units_gross,,1,HED,4/26/2021,,ZAP review
P2002R0335,units_gross,,1,HED,4/26/2021,,ZAP review
P1996R0010,units_gross,,1,HED,4/26/2021,,ZAP review
P2004R0064,units_gross,,1,HED,4/26/2021,,ZAP review
P1994R0530,units_gross,,1,HED,4/26/2021,,ZAP review
P1999R0323,units_gross,,1,HED,4/26/2021,,ZAP review
P2001R0029,units_gross,,1,HED,4/26/2021,,ZAP review
P2004R0060,units_gross,,1,HED,4/26/2021,,ZAP review
P1995R0187,units_gross,,1,HED,4/26/2021,,ZAP review
P1999R0259,units_gross,,1,HED,4/26/2021,,ZAP review
P1998R0397,units_gross,,1,HED,4/26/2021,,ZAP review
P1995R0021,units_gross,,1,HED,4/26/2021,,ZAP review
P1995R0016,units_gross,,1,HED,4/26/2021,,ZAP review
P1999R0091,units_gross,,1,HED,4/26/2021,,ZAP review
P1994R0531,units_gross,,1,HED,4/26/2021,,ZAP review
P2003R0088,units_gross,,1,HED,4/26/2021,,ZAP review
P1999R0322,units_gross,,1,HED,4/26/2021,,ZAP review
P1994R0529,units_gross,,1,HED,4/26/2021,,ZAP review
P1995R0066,units_gross,,1,HED,4/26/2021,,ZAP review
P1994R0435,units_gross,,1,HED,4/26/2021,,ZAP review
P1996R0147,units_gross,,1,HED,4/26/2021,,ZAP review
P1994R0528,units_gross,,1,HED,4/26/2021,,ZAP review
P1997R0180,units_gross,,1,HED,4/26/2021,,ZAP review
P1999R0056,units_gross,,1,HED,4/26/2021,,ZAP review
P2001R0315,units_gross,,1,HED,4/26/2021,,ZAP review
P1997R0193,units_gross,,1,HED,4/26/2021,,ZAP review
P2002R0218,units_gross,,1,HED,4/26/2021,,ZAP review
P1997R0013,units_gross,,1,HED,4/26/2021,,ZAP review
P1997R0360,units_gross,,1,HED,4/26/2021,,ZAP review
P1997R0044,units_gross,,1,HED,4/26/2021,,ZAP review
P1996R0389,units_gross,,1,HED,4/26/2021,,ZAP review
P1996R0442,units_gross,,1,HED,4/26/2021,,ZAP review
P1997R0336,units_gross,,1,HED,4/26/2021,,ZAP review
P1997R0027,units_gross,,1,HED,4/26/2021,,ZAP review
P1996R0367,units_gross,,1,HED,4/26/2021,,ZAP review
P1996R0365,units_gross,,1,HED,4/26/2021,,ZAP review
P1998R0035,units_gross,,1,HED,4/26/2021,,ZAP review
P1994R0331,units_gross,,1,HED,4/26/2021,,ZAP review
P1996R0197,units_gross,,1,HED,4/26/2021,,ZAP review
P1977R0084,units_gross,,1,HED,4/26/2021,,ZAP review
P1996R0411,units_gross,,1,HED,4/26/2021,,ZAP review
P1996R0409,units_gross,,1,HED,4/26/2021,,ZAP review
P1996R0410,units_gross,,1,HED,4/26/2021,,ZAP review
P1995R0073,units_gross,,1,HED,4/26/2021,,ZAP review
P1995R0208,units_gross,,1,HED,4/26/2021,,ZAP review
P2005R0077,units_gross,,1,HED,4/26/2021,,ZAP review
P2008R0047,units_gross,,1,HED,4/26/2021,,ZAP review
P2007R0112,units_gross,,1,HED,4/26/2021,,ZAP review
P2007R0019,units_gross,,1,HED,4/26/2021,,ZAP review
P2007R0074,units_gross,,1,HED,4/26/2021,,ZAP review
P2007R0028,units_gross,,1,HED,4/26/2021,,ZAP review
P1983R0024,units_gross,,1,HED,4/26/2021,,ZAP review
P1996R0099,units_gross,,2,HED,4/26/2021,,ZAP review
P1996R0077,units_gross,,2,HED,4/26/2021,,ZAP review
P1994R0215,units_gross,,2,HED,4/26/2021,,ZAP review
P1995R0065,units_gross,,2,HED,4/26/2021,,ZAP review
P1995R0103,units_gross,,2,HED,4/26/2021,,ZAP review
P1985R0180,units_gross,,2,HED,4/26/2021,,ZAP review
P1997R0382,units_gross,,2,HED,4/26/2021,,ZAP review
P1995R0094,units_gross,,2,HED,4/26/2021,,ZAP review
P1997R0439,units_gross,,2,HED,4/26/2021,,ZAP review
P1993R0344,units_gross,,2,HED,4/26/2021,,ZAP review
P1994R0513,units_gross,,2,HED,4/26/2021,,ZAP review
P1996R0151,units_gross,,2,HED,4/26/2021,,ZAP review
P1994R0371,units_gross,,2,HED,4/26/2021,,ZAP review
P1996R0185,units_gross,,2,HED,4/26/2021,,ZAP review
P2003R0101,units_gross,,2,HED,4/26/2021,,ZAP review
P2007R0217,units_gross,,2,HED,4/26/2021,,ZAP review
P2008R0218,units_gross,,2,HED,4/26/2021,,ZAP review
P2008R0277,units_gross,,2,HED,4/26/2021,,ZAP review
P2007R0058,units_gross,,2,HED,4/26/2021,,ZAP review
P2006R0231,units_gross,,2,HED,4/26/2021,,ZAP review
P2007R0142,units_gross,,2,HED,4/26/2021,,ZAP review
P2007R0222,units_gross,,2,HED,4/26/2021,,ZAP review
P2008R0095,units_gross,,2,HED,4/26/2021,,ZAP review
P1996R0139,units_gross,,2,HED,4/26/2021,,ZAP review
P1996R0374,units_gross,,2,HED,4/26/2021,,ZAP review
P2005R0284,units_gross,,2,HED,4/26/2021,,ZAP review
P1994R0433,units_gross,,2,HED,4/26/2021,,ZAP review
P1994R0461,units_gross,,2,HED,4/26/2021,,ZAP review
P1994R0432,units_gross,,2,HED,4/26/2021,,ZAP review
P1994R0036,units_gross,,2,HED,4/26/2021,,ZAP review
P1996R0115,units_gross,,2,HED,4/26/2021,,ZAP review
P1994R0232,units_gross,,2,HED,4/26/2021,,ZAP review
P1999R0225,units_gross,,2,HED,4/26/2021,,ZAP review
P2004R0238,units_gross,,2,HED,4/26/2021,,ZAP review
P1999R0411,units_gross,,2,HED,4/26/2021,,ZAP review
P1999R0250,units_gross,,2,HED,4/26/2021,,ZAP review
P2001R0123,units_gross,,2,HED,4/26/2021,,ZAP review
P1991R0097,units_gross,,2,HED,4/26/2021,,ZAP review
P1994R0193,units_gross,,2,HED,4/26/2021,,ZAP review
P1996R0366,units_gross,,2,HED,4/26/2021,,ZAP review
P2005R0384,units_gross,,2,HED,4/26/2021,,ZAP review
P1998R0018,units_gross,,2,HED,4/26/2021,,ZAP review
P2005R0349,units_gross,,2,HED,4/26/2021,,ZAP review
P1995R0357,units_gross,,2,HED,4/26/2021,,ZAP review
P2011R0083,units_gross,,2,HED,4/26/2021,,ZAP review
P2009R0078,units_gross,,2,HED,4/26/2021,,ZAP review
P2003R0441,units_gross,,2,HED,4/26/2021,,ZAP review
P2003R0041,units_gross,,2,HED,4/26/2021,,ZAP review
P2010R0026,units_gross,,2,HED,4/26/2021,,ZAP review
P2009R0097,units_gross,,2,HED,4/26/2021,,ZAP review
P2006R0199,units_gross,,2,HED,4/26/2021,,ZAP review
P2010R0021,units_gross,,2,HED,4/26/2021,,ZAP review
P1993R0305,units_gross,,2,HED,4/26/2021,,ZAP review
P1993R0306,units_gross,,2,HED,4/26/2021,,ZAP review
P1992R0182,units_gross,,2,HED,4/26/2021,,ZAP review
P1994R0367,units_gross,,2,HED,4/26/2021,,ZAP review
P1994R0075,units_gross,,2,HED,4/26/2021,,ZAP review
P1994R0289,units_gross,,2,HED,4/26/2021,,ZAP review
P1994R0368,units_gross,,2,HED,4/26/2021,,ZAP review
P1994R0113,units_gross,,2,HED,4/26/2021,,ZAP review
P1994R0249,units_gross,,2,HED,4/26/2021,,ZAP review
P1995R0115,units_gross,,2,HED,4/26/2021,,ZAP review
P1994R0252,units_gross,,2,HED,4/26/2021,,ZAP review
P1995R0264,units_gross,,2,HED,4/26/2021,,ZAP review
P1994R0251,units_gross,,2,HED,4/26/2021,,ZAP review
P1994R0276,units_gross,,2,HED,4/26/2021,,ZAP review
P1995R0391,units_gross,,2,HED,4/26/2021,,ZAP review
P1997R0134,units_gross,,2,HED,4/26/2021,,ZAP review
P1998R0005,units_gross,,2,HED,4/26/2021,,ZAP review
P1998R0176,units_gross,,2,HED,4/26/2021,,ZAP review
P1996R0067,units_gross,,2,HED,4/26/2021,,ZAP review
P1999R0376,units_gross,,2,HED,4/26/2021,,ZAP review
P2001R0316,units_gross,,2,HED,4/26/2021,,ZAP review
P1996R0268,units_gross,,2,HED,4/26/2021,,ZAP review
P1998R0086,units_gross,,2,HED,4/26/2021,,ZAP review
P1994R0527,units_gross,,2,HED,4/26/2021,,ZAP review
P1995R0013,units_gross,,2,HED,4/26/2021,,ZAP review
P1998R0396,units_gross,,2,HED,4/26/2021,,ZAP review
P1995R0210,units_gross,,2,HED,4/26/2021,,ZAP review
P1995R0098,units_gross,,2,HED,4/26/2021,,ZAP review
P1995R0014,units_gross,,2,HED,4/26/2021,,ZAP review
P1996R0294,units_gross,,2,HED,4/26/2021,,ZAP review
P1998R0079,units_gross,,2,HED,4/26/2021,,ZAP review
P2002R0027,units_gross,,2,HED,4/26/2021,,ZAP review
P1995R0015,units_gross,,2,HED,4/26/2021,,ZAP review
P1994R0354,units_gross,,2,HED,4/26/2021,,ZAP review
P1995R0097,units_gross,,2,HED,4/26/2021,,ZAP review
P1998R0334,units_gross,,2,HED,4/26/2021,,ZAP review
P1998R0333,units_gross,,2,HED,4/26/2021,,ZAP review
P1994R0463,units_gross,,2,HED,4/26/2021,,ZAP review
P1990R0308,units_gross,,2,HED,4/26/2021,,ZAP review
P1994R0464,units_gross,,2,HED,4/26/2021,,ZAP review
P1999R0016,units_gross,,2,HED,4/26/2021,,ZAP review
P2003R0139,units_gross,,2,HED,4/26/2021,,ZAP review
P1999R0071,units_gross,,2,HED,4/26/2021,,ZAP review
P1996R0043,units_gross,,2,HED,4/26/2021,,ZAP review
P1998R0335,units_gross,,2,HED,4/26/2021,,ZAP review
P1996R0387,units_gross,,2,HED,4/26/2021,,ZAP review
P1996R0226,units_gross,,2,HED,4/26/2021,,ZAP review
P1996R0391,units_gross,,2,HED,4/26/2021,,ZAP review
P1996R0309,units_gross,,2,HED,4/26/2021,,ZAP review
P1998R0274,units_gross,,2,HED,4/26/2021,,ZAP review
P1997R0049,units_gross,,2,HED,4/26/2021,,ZAP review
P1997R0050,units_gross,,2,HED,4/26/2021,,ZAP review
P1996R0392,units_gross,,2,HED,4/26/2021,,ZAP review
P1998R0037,units_gross,,2,HED,4/26/2021,,ZAP review
P1997R0158,units_gross,,2,HED,4/26/2021,,ZAP review
P1997R0047,units_gross,,2,HED,4/26/2021,,ZAP review
P1998R0075,units_gross,,2,HED,4/26/2021,,ZAP review
P1997R0370,units_gross,,2,HED,4/26/2021,,ZAP review
P1996R0390,units_gross,,2,HED,4/26/2021,,ZAP review
P1997R0018,units_gross,,2,HED,4/26/2021,,ZAP review
P1998R0201,units_gross,,2,HED,4/26/2021,,ZAP review
P1997R0048,units_gross,,2,HED,4/26/2021,,ZAP review
P1996R0368,units_gross,,2,HED,4/26/2021,,ZAP review
P1998R0076,units_gross,,2,HED,4/26/2021,,ZAP review
P1999R0377,units_gross,,2,HED,4/26/2021,,ZAP review
P1999R0374,units_gross,,2,HED,4/26/2021,,ZAP review
P1999R0378,units_gross,,2,HED,4/26/2021,,ZAP review
P1999R0373,units_gross,,2,HED,4/26/2021,,ZAP review
P1999R0372,units_gross,,2,HED,4/26/2021,,ZAP review
P1995R0305,units_gross,,2,HED,4/26/2021,,ZAP review
P1995R0303,units_gross,,2,HED,4/26/2021,,ZAP review
P1995R0304,units_gross,,2,HED,4/26/2021,,ZAP review
P1997R0328,units_gross,,2,HED,4/26/2021,,ZAP review
P1998R0186,units_gross,,2,HED,4/26/2021,,ZAP review
P1998R0293,units_gross,,2,HED,4/26/2021,,ZAP review
P2003R0442,units_gross,,2,HED,4/26/2021,,ZAP review
P1995R0375,units_gross,,2,HED,4/26/2021,,ZAP review
P1996R0027,units_gross,,2,HED,4/26/2021,,ZAP review
P1994R0110,units_gross,,2,HED,4/26/2021,,ZAP review
P2005R0348,units_gross,,2,HED,4/26/2021,,ZAP review
P2004R0154,units_gross,,2,HED,4/26/2021,,ZAP review
P2003R0010,units_gross,,2,HED,4/26/2021,,ZAP review
P1998R0386,units_gross,,2,HED,4/26/2021,,ZAP review
P2013R0149,units_gross,,2,HED,4/26/2021,,ZAP review
P2012R0033,units_gross,,2,HED,4/26/2021,,ZAP review
P2007R0247,units_gross,,2,HED,4/26/2021,,ZAP review
P2006R0277,units_gross,,2,HED,4/26/2021,,ZAP review
P1997R0096,units_gross,,2,HED,4/26/2021,,ZAP review
P2013R0327,units_gross,,2,HED,4/26/2021,,ZAP review
P2001R0035,units_gross,,2,HED,4/26/2021,,ZAP review
P2014R0360,units_gross,,2,HED,4/26/2021,,ZAP review
P1997R0197,units_gross,,2,HED,4/26/2021,,ZAP review
P1996R0232,units_gross,,3,HED,4/26/2021,,ZAP review
P1988R0426,units_gross,,3,HED,4/26/2021,,ZAP review
P2010R0176,units_gross,,3,HED,4/26/2021,,ZAP review
P1993R0264,units_gross,,3,HED,4/26/2021,,ZAP review
P2010R0211,units_gross,,3,HED,4/26/2021,,ZAP review
P2009R0044,units_gross,,3,HED,4/26/2021,,ZAP review
P1995R0309,units_gross,,3,HED,4/26/2021,,ZAP review
P1995R0228,units_gross,,3,HED,4/26/2021,,ZAP review
P1999R0249,units_gross,,3,HED,4/26/2021,,ZAP review
P1995R0017,units_gross,,3,HED,4/26/2021,,ZAP review
P2010R0152,units_gross,,3,HED,4/26/2021,,ZAP review
P2009R0104,units_gross,,3,HED,4/26/2021,,ZAP review
P1994R0277,units_gross,,3,HED,4/26/2021,,ZAP review
P1994R0422,units_gross,,3,HED,4/26/2021,,ZAP review
P1996R0412,units_gross,,3,HED,4/26/2021,,ZAP review
P2011R0178,units_gross,,3,HED,4/26/2021,,ZAP review
P2007R0045,units_gross,,3,HED,4/26/2021,,ZAP review
P1983R0652,units_gross,,3,HED,4/26/2021,,ZAP review
P2001R0020,units_gross,,4,HED,4/26/2021,,ZAP review
P1995R0184,units_gross,,4,HED,4/26/2021,,ZAP review
P1996R0068,units_gross,,4,HED,4/26/2021,,ZAP review
P1994R0217,units_gross,,4,HED,4/26/2021,,ZAP review
P1994R0525,units_gross,,4,HED,4/26/2021,,ZAP review
P2002R0252,units_gross,,4,HED,4/26/2021,,ZAP review
P1998R0253,units_gross,,4,HED,4/26/2021,,ZAP review
P1998R0395,units_gross,,4,HED,4/26/2021,,ZAP review
P1998R0393,units_gross,,4,HED,4/26/2021,,ZAP review
P2000R0373,units_gross,,4,HED,4/26/2021,,ZAP review
P2004R0029,units_gross,,4,HED,4/26/2021,,ZAP review
P1996R0134,units_gross,,4,HED,4/26/2021,,ZAP review
P1998R0385,units_gross,,4,HED,4/26/2021,,ZAP review
P1994R0234,units_gross,,4,HED,4/26/2021,,ZAP review
P2003R0233,units_gross,,4,HED,4/26/2021,,ZAP review
P2003R0014,units_gross,,4,HED,4/26/2021,,ZAP review
P2003R0140,units_gross,,4,HED,4/26/2021,,ZAP review
P1997R0038,units_gross,,4,HED,4/26/2021,,ZAP review
P2003R0069,units_gross,,4,HED,4/26/2021,,ZAP review
P1998R0381,units_gross,,4,HED,4/26/2021,,ZAP review
P1994R0389,units_gross,,4,HED,4/26/2021,,ZAP review
P2000R0067,units_gross,,4,HED,4/26/2021,,ZAP review
P1996R0039,units_gross,,4,HED,4/26/2021,,ZAP review
P1994R0462,units_gross,,4,HED,4/26/2021,,ZAP review
P1995R0111,units_gross,,4,HED,4/26/2021,,ZAP review
P1995R0110,units_gross,,4,HED,4/26/2021,,ZAP review
P1994R0009,units_gross,,4,HED,4/26/2021,,ZAP review
P1995R0057,units_gross,,4,HED,4/26/2021,,ZAP review
P2003R0162,units_gross,,4,HED,4/26/2021,,ZAP review
P1998R0096,units_gross,,4,HED,4/26/2021,,ZAP review
P1997R0293,units_gross,,4,HED,4/26/2021,,ZAP review
P2009R0124,units_gross,,4,HED,4/26/2021,,ZAP review
P2006R0203,units_gross,,4,HED,4/26/2021,,ZAP review
P1994R0183,units_gross,,4,HED,4/26/2021,,ZAP review
P1993R0307,units_gross,,4,HED,4/26/2021,,ZAP review
P1994R0360,units_gross,,4,HED,4/26/2021,,ZAP review
P1995R0384,units_gross,,4,HED,4/26/2021,,ZAP review
P1994R0269,units_gross,,4,HED,4/26/2021,,ZAP review
P1996R0214,units_gross,,4,HED,4/26/2021,,ZAP review
P2002R0166,units_gross,,4,HED,4/26/2021,,ZAP review
P2004R0215,units_gross,,4,HED,4/26/2021,,ZAP review
P1997R0019,units_gross,,4,HED,4/26/2021,,ZAP review
P1998R0275,units_gross,,4,HED,4/26/2021,,ZAP review
P1996R0257,units_gross,,4,HED,4/26/2021,,ZAP review
P2001R0220,units_gross,,4,HED,4/26/2021,,ZAP review
P1998R0372,units_gross,,4,HED,4/26/2021,,ZAP review
P2006R0104,units_gross,,4,HED,4/26/2021,,ZAP review
P2004R0151,units_gross,,4,HED,4/26/2021,,ZAP review
P1999R0123,units_gross,,4,HED,4/26/2021,,ZAP review
P1997R0452,units_gross,,4,HED,4/26/2021,,ZAP review
P1999R0125,units_gross,,4,HED,4/26/2021,,ZAP review
P1996R0418,units_gross,,4,HED,4/26/2021,,ZAP review
P1996R0416,units_gross,,4,HED,4/26/2021,,ZAP review
P1995R0266,units_gross,,4,HED,4/26/2021,,ZAP review
P1996R0215,units_gross,,4,HED,4/26/2021,,ZAP review
P2005R0350,units_gross,,4,HED,4/26/2021,,ZAP review
P2002R0368,units_gross,,4,HED,4/26/2021,,ZAP review
P1997R0020,units_gross,,4,HED,4/26/2021,,ZAP review
P1995R0389,units_gross,,4,HED,4/26/2021,,ZAP review
P1995R0329,units_gross,,4,HED,4/26/2021,,ZAP review
P1995R0223,units_gross,,4,HED,4/26/2021,,ZAP review
P1993R0271,units_gross,,4,HED,4/26/2021,,ZAP review
P1993R0272,units_gross,,4,HED,4/26/2021,,ZAP review
P1999R0075,units_gross,,4,HED,4/26/2021,,ZAP review
P1993R0358,units_gross,,4,HED,4/26/2021,,ZAP review
P2009R0221,units_gross,,4,HED,4/26/2021,,ZAP review
P1988R0521,units_gross,,4,HED,4/26/2021,,ZAP review
P2007R0131,units_gross,,4,HED,4/26/2021,,ZAP review
P2007R0366,units_gross,,4,HED,4/26/2021,,ZAP review
P1994R0248,units_gross,,4,HED,4/26/2021,,ZAP review
P1999R0222,units_gross,,4,HED,4/26/2021,,ZAP review
P1993R0383,units_gross,,4,HED,4/26/2021,,ZAP review
P1996R0152,units_gross,,4,HED,4/26/2021,,ZAP review
P1998R0364,units_gross,,4,HED,4/26/2021,,ZAP review
P1999R0412,units_gross,,4,HED,4/26/2021,,ZAP review
P1999R0414,units_gross,,4,HED,4/26/2021,,ZAP review
P1994R0507,units_gross,,4,HED,4/26/2021,,ZAP review
P1999R0224,units_gross,,4,HED,4/26/2021,,ZAP review
P2002R0353,units_gross,,4,HED,4/26/2021,,ZAP review
P1994R0520,units_gross,,4,HED,4/26/2021,,ZAP review
P1999R0413,units_gross,,4,HED,4/26/2021,,ZAP review
P2003R0146,units_gross,,4,HED,4/26/2021,,ZAP review
P2003R0147,units_gross,,4,HED,4/26/2021,,ZAP review
P1996R0225,units_gross,,4,HED,4/26/2021,,ZAP review
P1997R0202,units_gross,,4,HED,4/26/2021,,ZAP review
P2001R0180,units_gross,,4,HED,4/26/2021,,ZAP review
P2003R0309,units_gross,,4,HED,4/26/2021,,ZAP review
P1999R0087,units_gross,,4,HED,4/26/2021,,ZAP review
P1999R0263,units_gross,,4,HED,4/26/2021,,ZAP review
P2000R0215,units_gross,,4,HED,4/26/2021,,ZAP review
P1997R0127,units_gross,,4,HED,4/26/2021,,ZAP review
P1997R0028,units_gross,,4,HED,4/26/2021,,ZAP review
P1994R0196,units_gross,,4,HED,4/26/2021,,ZAP review
P2000R0114,units_gross,,4,HED,4/26/2021,,ZAP review
P1998R0276,units_gross,,4,HED,4/26/2021,,ZAP review
P1998R0189,units_gross,,4,HED,4/26/2021,,ZAP review
P1998R0268,units_gross,,4,HED,4/26/2021,,ZAP review
P1999R0346,units_gross,,4,HED,4/26/2021,,ZAP review
P2005R0098,units_gross,,4,HED,4/26/2021,,ZAP review
P2006R0255,units_gross,,4,HED,4/26/2021,,ZAP review
P2013R0044,units_gross,,4,HED,4/26/2021,,ZAP review
P2016R0307,units_gross,,4,HED,4/26/2021,,ZAP review
P2013R0266,units_gross,,4,HED,4/26/2021,,ZAP review
P1994R0042,units_gross,,4,HED,4/26/2021,,ZAP review
P2013R0325,units_gross,,4,HED,4/26/2021,,ZAP review
P2012R0671,units_gross,,4,HED,4/26/2021,,ZAP review
P1988R0535,units_gross,,5,HED,4/26/2021,,ZAP review
P2003R0045,units_gross,,5,HED,4/26/2021,,ZAP review
P2003R0066,units_gross,,5,HED,4/26/2021,,ZAP review
P1998R0080,units_gross,,5,HED,4/26/2021,,ZAP review
P1997R0129,units_gross,,5,HED,4/26/2021,,ZAP review
P1996R0381,units_gross,,5,HED,4/26/2021,,ZAP review
P1997R0451,units_gross,,5,HED,4/26/2021,,ZAP review
P2002R0363,units_gross,,5,HED,4/26/2021,,ZAP review
P1995R0388,units_gross,,5,HED,4/26/2021,,ZAP review
P1997R0324,units_gross,,5,HED,4/26/2021,,ZAP review
P2004R0059,units_gross,,5,HED,4/26/2021,,ZAP review
P1997R0409,units_gross,,5,HED,4/26/2021,,ZAP review
P2008R0284,units_gross,,5,HED,4/26/2021,,ZAP review
P1998R0157,units_gross,,6,HED,4/26/2021,,ZAP review
P1998R0392,units_gross,,6,HED,4/26/2021,,ZAP review
P1998R0399,units_gross,,6,HED,4/26/2021,,ZAP review
P1999R0303,units_gross,,6,HED,4/26/2021,,ZAP review
P1996R0406,units_gross,,6,HED,4/26/2021,,ZAP review
P1996R0234,units_gross,,6,HED,4/26/2021,,ZAP review
P1999R0291,units_gross,,6,HED,4/26/2021,,ZAP review
P1996R0042,units_gross,,6,HED,4/26/2021,,ZAP review
P1994R0290,units_gross,,6,HED,4/26/2021,,ZAP review
P1996R0025,units_gross,,6,HED,4/26/2021,,ZAP review
P1997R0206,units_gross,,6,HED,4/26/2021,,ZAP review
P1997R0023,units_gross,,6,HED,4/26/2021,,ZAP review
P1998R0012,units_gross,,6,HED,4/26/2021,,ZAP review
P1994R0519,units_gross,,6,HED,4/26/2021,,ZAP review
P1994R0450,units_gross,,6,HED,4/26/2021,,ZAP review
P2008R0186,units_gross,,6,HED,4/26/2021,,ZAP review
P1996R0176,units_gross,,6,HED,4/26/2021,,ZAP review
P2004R0100,units_gross,,6,HED,4/26/2021,,ZAP review
P1997R0223,units_gross,,6,HED,4/26/2021,,ZAP review
P1997R0335,units_gross,,6,HED,4/26/2021,,ZAP review
P1996R0142,units_gross,,6,HED,4/26/2021,,ZAP review
P1995R0385,units_gross,,6,HED,4/26/2021,,ZAP review
P1998R0199,units_gross,,6,HED,4/26/2021,,ZAP review
P1995R0387,units_gross,,6,HED,4/26/2021,,ZAP review
P1996R0308,units_gross,,6,HED,4/26/2021,,ZAP review
2019R0143,units_gross,,6,HED,4/26/2021,,ZAP review
P2017R0292,units_gross,,6,HED,4/26/2021,,ZAP review
2019R0142,units_gross,,6,HED,4/26/2021,,ZAP review
P2017R0397,units_gross,,6,HED,4/26/2021,,ZAP review
P2017R0041,units_gross,,6,HED,4/26/2021,,ZAP review
2019R0090,units_gross,,6,HED,4/26/2021,,ZAP review
2018R0497,units_gross,,6,HED,4/26/2021,,ZAP review
P1999R0143,units_gross,,7,HED,4/26/2021,,ZAP review
P1998R0055,units_gross,,7,HED,4/26/2021,,ZAP review
P1998R0210,units_gross,,8,HED,4/26/2021,,ZAP review
P1998R0378,units_gross,,8,HED,4/26/2021,,ZAP review
P2002R0306,units_gross,,8,HED,4/26/2021,,ZAP review
P1995R0096,units_gross,,8,HED,4/26/2021,,ZAP review
P2004R0028,units_gross,,8,HED,4/26/2021,,ZAP review
P2001R0095,units_gross,,8,HED,4/26/2021,,ZAP review
P1994R0199,units_gross,,8,HED,4/26/2021,,ZAP review
P1994R0007,units_gross,,8,HED,4/26/2021,,ZAP review
P1996R0111,units_gross,,8,HED,4/26/2021,,ZAP review
P2003R0238,units_gross,,8,HED,4/26/2021,,ZAP review
P1994R0518,units_gross,,8,HED,4/26/2021,,ZAP review
P2007R0125,units_gross,,8,HED,4/26/2021,,ZAP review
P1988R0269,units_gross,,8,HED,4/26/2021,,ZAP review
P1994R0268,units_gross,,8,HED,4/26/2021,,ZAP review
P1994R0361,units_gross,,8,HED,4/26/2021,,ZAP review
P1994R0526,units_gross,,8,HED,4/26/2021,,ZAP review
P1999R0238,units_gross,,8,HED,4/26/2021,,ZAP review
P2004R0279,units_gross,,8,HED,4/26/2021,,ZAP review
P2011R0152,units_gross,,8,HED,4/26/2021,,ZAP review
P1999R0345,units_gross,,8,HED,4/26/2021,,ZAP review
P2005R0381,units_gross,,8,HED,4/26/2021,,ZAP review
P1998R0015,units_gross,,8,HED,4/26/2021,,ZAP review
P2008R0187,units_gross,,8,HED,4/26/2021,,ZAP review
P2007R0215,units_gross,,8,HED,4/26/2021,,ZAP review
P2006R0240,units_gross,,8,HED,4/26/2021,,ZAP review
P2007R0314,units_gross,,8,HED,4/26/2021,,ZAP review
P1995R0313,units_gross,,8,HED,4/26/2021,,ZAP review
P2001R0209,units_gross,,8,HED,4/26/2021,,ZAP review
P1996R0233,units_gross,,8,HED,4/26/2021,,ZAP review
P2004R0101,units_gross,,8,HED,4/26/2021,,ZAP review
P1999R0296,units_gross,,8,HED,4/26/2021,,ZAP review
P2002R0193,units_gross,,8,HED,4/26/2021,,ZAP review
P2005R0055,units_gross,,8,HED,4/26/2021,,ZAP review
P2000R0383,units_gross,,8,HED,4/26/2021,,ZAP review
P2003R0447,units_gross,,8,HED,4/26/2021,,ZAP review
P2005R0141,units_gross,,8,HED,4/26/2021,,ZAP review
P2004R0289,units_gross,,8,HED,4/26/2021,,ZAP review
P2005R0245,units_gross,,8,HED,4/26/2021,,ZAP review
P2004R0211,units_gross,,8,HED,4/26/2021,,ZAP review
P2012R0539,units_gross,,8,HED,4/26/2021,,ZAP review
P1999R0076,units_gross,,8,HED,4/26/2021,,ZAP review
P2000R0034,units_gross,,8,HED,4/26/2021,,ZAP review
P1993R0343,units_gross,,8,HED,4/26/2021,,ZAP review
P1996R0055,units_gross,,8,HED,4/26/2021,,ZAP review
P2018R0227,units_gross,,8,HED,4/26/2021,,ZAP review
P2016R0352,units_gross,,8,HED,4/26/2021,,ZAP review
P2012R0025,units_gross,,9,HED,4/26/2021,,ZAP review
P1998R0190,units_gross,,9,HED,4/26/2021,,ZAP review
P2000R0236,units_gross,,9,HED,4/26/2021,,ZAP review
P2002R0108,units_gross,,9,HED,4/26/2021,,ZAP review
P1998R0125,units_gross,,9,HED,4/26/2021,,ZAP review
P1998R0078,units_gross,,10,HED,4/26/2021,,ZAP review
P1996R0009,units_gross,,10,HED,4/26/2021,,ZAP review
P1993R0385,units_gross,,10,HED,4/26/2021,,ZAP review
P2007R0013,units_gross,,10,HED,4/26/2021,,ZAP review
P2008R0062,units_gross,,10,HED,4/26/2021,,ZAP review
P1996R0061,units_gross,,10,HED,4/26/2021,,ZAP review
P1995R0312,units_gross,,10,HED,4/26/2021,,ZAP review
P2001R0034,units_gross,,10,HED,4/26/2021,,ZAP review
P2003R0176,units_gross,,10,HED,4/26/2021,,ZAP review
P2001R0134,units_gross,,10,HED,4/26/2021,,ZAP review
P2004R0237,units_gross,,10,HED,4/26/2021,,ZAP review
P2002R0136,units_gross,,10,HED,4/26/2021,,ZAP review
P2004R0156,units_gross,,10,HED,4/26/2021,,ZAP review
P2000R0364,units_gross,,10,HED,4/26/2021,,ZAP review
P1996R0385,units_gross,,10,HED,4/26/2021,,ZAP review
P2005R0300,units_gross,,10,HED,4/26/2021,,ZAP review
P1997R0172,units_gross,,10,HED,4/26/2021,,ZAP review
P2003R0085,units_gross,,10,HED,4/26/2021,,ZAP review
P1998R0013,units_gross,,10,HED,4/26/2021,,ZAP review
P1998R0091,units_gross,,10,HED,4/26/2021,,ZAP review
P2002R0040,units_gross,,10,HED,4/26/2021,,ZAP review
P1997R0383,units_gross,,10,HED,4/26/2021,,ZAP review
P1999R0022,units_gross,,10,HED,4/26/2021,,ZAP review
P1999R0273,units_gross,,10,HED,4/26/2021,,ZAP review
P1998R0056,units_gross,,10,HED,4/26/2021,,ZAP review
P1999R0298,units_gross,,10,HED,4/26/2021,,ZAP review
2019R0148,units_gross,,10,HED,4/26/2021,,ZAP review
P2018R0289,units_gross,,10,HED,4/26/2021,,ZAP review
P2010R0240,units_gross,,10,HED,4/26/2021,,ZAP review
P2001R0253,units_gross,,11,HED,4/26/2021,,ZAP review
P1996R0056,units_gross,,12,HED,4/26/2021,,ZAP review
P1999R0155,units_gross,,12,HED,4/26/2021,,ZAP review
P1997R0102,units_gross,,12,HED,4/26/2021,,ZAP review
P1999R0292,units_gross,,12,HED,4/26/2021,,ZAP review
P1997R0464,units_gross,,12,HED,4/26/2021,,ZAP review
P1996R0386,units_gross,,12,HED,4/26/2021,,ZAP review
P1997R0436,units_gross,,12,HED,4/26/2021,,ZAP review
P1993R0273,units_gross,,12,HED,4/26/2021,,ZAP review
P1999R0272,units_gross,,12,HED,4/26/2021,,ZAP review
P2004R0244,units_gross,,12,HED,4/26/2021,,ZAP review
P2004R0030,units_gross,,12,HED,4/26/2021,,ZAP review
P1999R0293,units_gross,,12,HED,4/26/2021,,ZAP review
P2002R0307,units_gross,,12,HED,4/26/2021,,ZAP review
P1998R0188,units_gross,,12,HED,4/26/2021,,ZAP review
P1996R0382,units_gross,,12,HED,4/26/2021,,ZAP review
P1998R0042,units_gross,,12,HED,4/26/2021,,ZAP review
P2001R0217,units_gross,,12,HED,4/26/2021,,ZAP review
P1999R0124,units_gross,,12,HED,4/26/2021,,ZAP review
P2001R0322,units_gross,,12,HED,4/26/2021,,ZAP review
P1998R0014,units_gross,,12,HED,4/26/2021,,ZAP review
P2009R0236,units_gross,,12,HED,4/26/2021,,ZAP review
P1997R0250,units_gross,,13,HED,4/26/2021,,ZAP review
P1997R0046,units_gross,,14,HED,4/26/2021,,ZAP review
P1995R0310,units_gross,,14,HED,4/26/2021,,ZAP review
P1998R0036,units_gross,,14,HED,4/26/2021,,ZAP review
P1997R0274,units_gross,,14,HED,4/26/2021,,ZAP review
P1995R0127,units_gross,,14,HED,4/26/2021,,ZAP review
P1998R0332,units_gross,,14,HED,4/26/2021,,ZAP review
P1996R0413,units_gross,,14,HED,4/26/2021,,ZAP review
P1994R0431,units_gross,,14,HED,4/26/2021,,ZAP review
P1998R0380,units_gross,,14,HED,4/26/2021,,ZAP review
P1994R0274,units_gross,,14,HED,4/26/2021,,ZAP review
P1998R0020,units_gross,,14,HED,4/26/2021,,ZAP review
P1997R0227,units_gross,,15,HED,4/26/2021,,ZAP review
P1996R0108,units_gross,,15,HED,4/26/2021,,ZAP review
P1995R0189,units_gross,,16,HED,4/26/2021,,ZAP review
P2002R0214,units_gross,,16,HED,4/26/2021,,ZAP review
P2000R0307,units_gross,,16,HED,4/26/2021,,ZAP review
P2002R0082,units_gross,,16,HED,4/26/2021,,ZAP review
P2005R0154,units_gross,,16,HED,4/26/2021,,ZAP review
P2007R0374,units_gross,,16,HED,4/26/2021,,ZAP review
P1998R0175,units_gross,,16,HED,4/26/2021,,ZAP review
P1999R0347,units_gross,,16,HED,4/26/2021,,ZAP review
P2006R0128,units_gross,,16,HED,4/26/2021,,ZAP review
P1996R0280,units_gross,,16,HED,4/26/2021,,ZAP review
P2003R0182,units_gross,,18,HED,4/26/2021,,ZAP review
P2004R0184,units_gross,,18,HED,4/26/2021,,ZAP review
P2005R0255,units_gross,,18,HED,4/26/2021,,ZAP review
P1998R0204,units_gross,,18,HED,4/26/2021,,ZAP review
P1999R0126,units_gross,,18,HED,4/26/2021,,ZAP review
2019R0264,units_gross,,18,HED,4/26/2021,,ZAP review
P2015R0541,units_gross,,18,HED,4/26/2021,,ZAP review
P1997R0438,units_gross,,19,HED,4/26/2021,,ZAP review
P2006R0078,units_gross,,19,HED,4/26/2021,,ZAP review
P1998R0212,units_gross,,20,HED,4/26/2021,,ZAP review
P2003R0293,units_gross,,20,HED,4/26/2021,,ZAP review
P2001R0335,units_gross,,20,HED,4/26/2021,,ZAP review
P1997R0224,units_gross,,20,HED,4/26/2021,,ZAP review
P1997R0225,units_gross,,20,HED,4/26/2021,,ZAP review
2018R0453,units_gross,,21,HED,4/26/2021,,ZAP review
P1995R0140,units_gross,,22,HED,4/26/2021,,ZAP review
P1995R0371,units_gross,,23,HED,4/26/2021,,ZAP review
P1994R0451,units_gross,,24,HED,4/26/2021,,ZAP review
P1994R0359,units_gross,,24,HED,4/26/2021,,ZAP review
P1997R0228,units_gross,,25,HED,4/26/2021,,ZAP review
P1999R0227,units_gross,,26,HED,4/26/2021,,ZAP review
P1994R0505,units_gross,,26,HED,4/26/2021,,ZAP review
P1999R0070,units_gross,,27,HED,4/26/2021,,ZAP review
P2001R0076,units_gross,,28,HED,4/26/2021,,ZAP review
P2004R0322,units_gross,,28,HED,4/26/2021,,ZAP review
P2008R0072,units_gross,,28,HED,4/26/2021,,ZAP review
P2005R0290,units_gross,,28,HED,4/26/2021,,ZAP review
P2014R0113,units_gross,,29,HED,4/26/2021,,ZAP review
P2014R0510,units_gross,,29,HED,4/26/2021,,ZAP review
P1998R0379,units_gross,,30,HED,4/26/2021,,ZAP review
P1998R0376,units_gross,,30,HED,4/26/2021,,ZAP review
P1998R0067,units_gross,,31,HED,4/26/2021,,ZAP review
P2007R0384,units_gross,,32,HED,4/26/2021,,ZAP review
P1993R0282,units_gross,,32,HED,4/26/2021,,ZAP review
P1995R0012,units_gross,,32,HED,4/26/2021,,ZAP review
P1996R0109,units_gross,,33,HED,4/26/2021,,ZAP review
P1997R0229,units_gross,,33,HED,4/26/2021,,ZAP review
P2008R0071,units_gross,,35,HED,4/26/2021,,ZAP review
P1997R0471,units_gross,,36,HED,4/26/2021,,ZAP review
P1998R0382,units_gross,,36,HED,4/26/2021,,ZAP review
P1998R0172,units_gross,,37,HED,4/26/2021,,ZAP review
P1998R0017,units_gross,,38,HED,4/26/2021,,ZAP review
P1998R0016,units_gross,,38,HED,4/26/2021,,ZAP review
P1997R0226,units_gross,,43,HED,4/26/2021,,ZAP review
P1999R0180,units_gross,,44,HED,4/26/2021,,ZAP review
P1998R0348,units_gross,,46,HED,4/26/2021,,ZAP review
P1996R0014,units_gross,,46,HED,4/26/2021,,ZAP review
P1994R0271,units_gross,,46,HED,4/26/2021,,ZAP review
P1990R0407,units_gross,,47,HED,4/26/2021,,ZAP review
P1998R0213,units_gross,,48,HED,4/26/2021,,ZAP review
P1996R0290,units_gross,,48,HED,4/26/2021,,ZAP review
P1998R0377,units_gross,,50,HED,4/26/2021,,ZAP review
P1996R0110,units_gross,,50,HED,4/26/2021,,ZAP review
P1997R0230,units_gross,,50,HED,4/26/2021,,ZAP review
P1997R0361,units_gross,,54,HED,4/26/2021,,ZAP review
P2007R0023,units_gross,,73,HED,4/26/2021,,ZAP review
P2009R0276,units_gross,,74,HED,4/26/2021,,ZAP review
P1994R0502,units_gross,,76,HED,4/26/2021,,ZAP review
P1996R0157,units_gross,,76,HED,4/26/2021,,ZAP review
P1997R0362,units_gross,,76,HED,4/26/2021,,ZAP review
P2001R0210,units_gross,,78,HED,4/26/2021,,ZAP review
P2004R0070,units_gross,,78,HED,4/26/2021,,ZAP review
P2005R0033,units_gross,,78,HED,4/26/2021,,ZAP review
P1999R0354,units_gross,,80,HED,4/26/2021,,ZAP review
P1996R0064,units_gross,,90,HED,4/26/2021,,ZAP review
P1997R0194,units_gross,,90,HED,4/26/2021,,ZAP review
P1994R0307,units_gross,,92,HED,4/26/2021,,ZAP review
P2004R0133,units_gross,,114,HED,4/26/2021,,ZAP review
P2001R0364,units_gross,,118,HED,4/26/2021,,ZAP review
P1998R0220,units_gross,,128,HED,4/26/2021,,ZAP review
P1999R0233,units_gross,,207,HED,4/26/2021,,ZAP review
P1994R0266,units_gross,,240,HED,4/26/2021,,ZAP review
2020K0501,units_gross,,250,HED,4/28/2021,,cluster review
P2012K0047,units_gross,,168,HED,4/29/2021,,Bill's ZAP review
P2010R0157,units_gross,,1,HED,4/29/2021,,Bill's ZAP review
P2009X0308,units_gross,,2,HED,4/29/2021,,Bill's ZAP review
P2012R0645,units_gross,,4,HED,4/29/2021,,Bill's ZAP review
P2012R0672,units_gross,,9,HED,4/29/2021,,Bill's ZAP review
P2013R0555,units_gross,,1,HED,5/4/2021,,Bill's ZAP review
P2012K0047,units_gross,,168,HED,5/4/2021,,Bill's ZAP review
P2010R0157,units_gross,,1,HED,5/4/2021,,Bill's ZAP review
P2009X0213,units_gross,,6,HED,5/4/2021,,Bill's ZAP review
P2012K0103,units_gross,,450,HED,5/4/2021,,Bill's ZAP review
P2013K0559,units_gross,,376,HED,5/4/2021,,Bill's ZAP review
P2015M0320,units_gross,,116,HED,5/4/2021,,Bill's ZAP review
P2011Q0094,units_gross,,184,HED,5/4/2021,,Bill's ZAP review
P2009X0308,units_gross,,2,HED,5/4/2021,,Bill's ZAP review
P2012R0645,units_gross,,4,HED,5/4/2021,,Bill's ZAP review
P2012R0672,units_gross,,9,HED,5/4/2021,,Bill's ZAP review
P2012R0161,units_gross,,2,HED,5/4/2021,,Bill's ZAP review
P2015R0152,units_gross,,1,HED,5/4/2021,,Bill's ZAP review
2021M0103,units_gross,,86,HED,6/9/2021,,Planner Outreach MN
2021M0167,units_gross,,70,HED,6/9/2021,,Planner Outreach MN
P2014M0369,units_gross,,567,HED,6/9/2021,,Planner Outreach MN
2020M0322,units_gross,,5,HED,6/9/2021,,Planner Outreach MN
2019M0307,units_gross,,222,HED,6/9/2021,,Planner Outreach MN
P2012M0173,units_gross,,9,HED,6/9/2021,,Planner Outreach MN
2019M0317,units_gross,,44,HED,6/9/2021,,Planner Outreach MN
P2017M0265,units_gross,,42,HED,6/9/2021,,Planner Outreach MN
2018M0357,units_gross,,125,HED,6/9/2021,,Planner Outreach MN
f337c2f8993ca5fda55b932a6372bd02,units_gross,,0,HED,6/9/2021,,Planner Outreach BX
2018X0416,units_gross,,2000,HED,6/9/2021,,Planner Outreach BX
2021X0172,units_gross,,373,HED,6/9/2021,,Planner Outreach BX
2020X0452,units_gross,,410,HED,6/9/2021,,Planner Outreach BX
2020X0395,units_gross,,1,HED,6/9/2021,,Planner Outreach BX
P2016X0167,units_gross,474,542,HED,6/9/2021,,Planner Outreach BX
2020K0445,units_gross,,132,HED,6/9/2021,,Planner Outreach BK
P2009K0334,units_gross,,6,HED,6/9/2021,,Planner Outreach BK
2021K0135,units_gross,,390,HED,6/9/2021,,Planner Outreach BK
4c4b2abaf62e10dc34559e5bcbd0a01d,units_gross,,135,HED,6/9/2021,,Planner Outreach QN
2018Q0489,units_gross,,2800,HED,6/9/2021,,Planner Outreach QN
2020Q0470,units_gross,,62,HED,6/9/2021,,Planner Outreach QN
85338,remove,,,Capital Planning: Mark Shapiro,5/22/2020,2 - 58 HALL STREET (and adjacent lots),Project now in ZAP
85209,remove,,,Capital Planning: Mark Shapiro,5/22/2020,940 SOUTHERN BOULEVARD,"Would've been a lot in the Southern Boulevard rezoning, but that rezoning is no longer moving forward."
ec184e77bbeec414196e56bab314031e,remove,,,Capital Planning: Mark Shapiro,5/22/2020,11-24 Jackson Ave (EDC),"Project on-hold, tied to an overbuild strategy. EDC, not HPD RFP. No unit count info (could be commercial), so we should exclude."
25c9093ab18683bc09a402353877d977,remove,,,Capital Planning: Mark Shapiro,5/22/2020,LIC Waterfront Mixed-Use Development,"Excluded, turned into LIC Waterfront Planner-Added Project"
85133,remove,,,Capital Planning: Mark Shapiro,5/22/2020,East River Realty Co,Covered in P2007M0372
85108,remove,,,Capital Planning: Mark Shapiro,5/22/2020,Union Square South (rezoning?),Project not residential
85404,remove,,,Capital Planning: Mark Shapiro,5/22/2020,Arverne (eastern sites),Project already in ZAP
85402,remove,,,Capital Planning: Mark Shapiro,5/22/2020,Shorefront Parkway infill,Duplicate of 2020Q0157
85407,remove,,,Capital Planning: Mark Shapiro,5/22/2020,Kissena Blvd LSGD,"Project is ""dead in the water"""
85324,remove,,,Capital Planning: Mark Shapiro,5/22/2020,St. Pauls Baptist Church,Same as 2020K0335
85403,remove,,,Capital Planning: Mark Shapiro,5/22/2020,Marcal Rezoning,Duplicate of 2019Q0229
85332,remove,,,Capital Planning: Mark Shapiro,5/22/2020,11 HOYT STREET,Project already completed
85313,remove,,,Capital Planning: Mark Shapiro,5/22/2020,312 CONEY ISLAND AVENUE,Project already in ZAP
85331,remove,,,Capital Planning: Mark Shapiro,5/22/2020,90 SANDS ST (supportive nursing project),Recently approved in ZAP as 2019K0320
85333,remove,,,Capital Planning: Mark Shapiro,5/22/2020,275 FLATBUSH AVENUE EXT (and adjacent lots),BKO does not have information on this site -- recommends excluding it.
85300,remove,,,Capital Planning: Mark Shapiro,5/22/2020,Sears parking lot (possible project in C4-2),Project very unlikely. No unit count details.
85120,remove,,,Capital Planning: Mark Shapiro,5/22/2020,614 WEST 125 STREET (Trustees of Columbia),Potential Columbia dormitory. now in zap as 2020M0465
520137780,remove,,,Capital Planning: Mark Shapiro,5/22/2020,475 BAY STREET,Property located within bay street rezoning. Applicant was interested in rezoning prior to Bay Street Rezoning adoption therefore no longer include in list
520137824,remove,,,Capital Planning: Mark Shapiro,5/22/2020,475 BAY STREET,Property located within bay street rezoning. Applicant was interested in rezoning prior to Bay Street Rezoning adoption therefore no longer include in list
85121,remove,,,Capital Planning: Mark Shapiro,5/22/2020,Union Theological Seminary AOR Tower (3041 BROADWAY),In DOB as 100 Claremont Avenue
85109,remove,,,Capital Planning: Mark Shapiro,5/22/2020,Potential rezoning C6-2A -> C6-3X (north of Cooper Square),Project not moving forward
85302,remove,,,Capital Planning: Mark Shapiro,5/22/2020,1214 - 1238 E. 14 St (M1-1 to R7A proposed),Project is duplicate of 2019K0383
85321,remove,,,Capital Planning: Mark Shapiro,5/22/2020,Chesnut Commons (HPD site?),Project deduplicated
85325,remove,,,Capital Planning: Mark Shapiro,5/22/2020,350 SHEFFIELD AVENUE,Same as Remeeder Houses Project
85115,remove,,,Capital Planning: Mark Shapiro,5/22/2020,Independence Plaza/ 310 Greenwich Street,Project not moving forward
85314,remove,,,Capital Planning: Mark Shapiro,5/22/2020,1 PROSPECT PARK WEST,Project is a negative unit-count alteration in DOB data.
85329,remove,,,Capital Planning: Mark Shapiro,5/22/2020,150 OSBORN STREET and nearby,Duplicate of 2020K0390
85316,remove,,,Capital Planning: Mark Shapiro,5/22/2020,694 - 712 HICKS STREET,BKO did not find records of this project
85118,remove,,,Capital Planning: Mark Shapiro,5/22/2020,W 142 Street Rezoning (R6A -> R9A/MIH),now in zap
94503,remove,,,Capital Planning: Mark Shapiro,5/22/2020,55 Androvette,No way this area can facilitate an 81 unit development based on current zoning.
85202,remove,,,Capital Planning: Mark Shapiro,5/22/2020,0,No details recalled of this project being added last year
85201,remove,,,Capital Planning: Mark Shapiro,5/22/2020,2550 Boston Road,"Duplicate of 2560 Boston Road, record ID 2019X0240"
85318,remove,,,Capital Planning: Mark Shapiro,5/22/2020,100 IMLAY STREET,BKO did not find records of this project
85323,remove,,,Capital Planning: Mark Shapiro,5/22/2020,Dumont & Ruby Street - churches talking to HPD,"This project has not moved forward, would be record closed if DCP application"
85330,remove,,,Capital Planning: Mark Shapiro,5/22/2020,670 THOMAS S BOYLAND ST,Project not moving forward
85317,remove,,,Capital Planning: Mark Shapiro,5/22/2020,46 NELSON STREET,Project is duplicate 2019K0321
94504,remove,,,Capital Planning: Mark Shapiro,5/22/2020,Eugene Street and Amboy Road B 7774 Parcel 2,Duplicate of 2018R0361
85320,remove,,,Capital Planning: Mark Shapiro,5/22/2020,237A 27 STREET,Same as record ID 2019K0427
85131,remove,,,Capital Planning: Mark Shapiro,6/9/2020,,
85335,remove,,,Capital Planning: Mark Shapiro,6/9/2020,,Redundant with 2019K0333
e0d5557e47ffc641dd4e8a265080e6e5,remove,,,Capital Planning: Mark Shapiro,6/9/2020,,No unit count for this project
ffee0270521a5dcfba96ab6cd042508c,remove,,,Capital Planning: Mark Shapiro,6/9/2020,,"Project pulled, according to internet research"
e0eec4543174669bad16f3b65984c04a,remove,,,Capital Planning: Mark Shapiro,6/9/2020,,"Project pulled, according to internet research"
10009,remove,,,Data Engineering,6/25/2020,,Reference 5/25 kpdb as base - issue #202
cf80ba80a376560c67493fe2196e9a52,remove,,,Capital Planning: Mark Shapiro,6/9/2020,,Not moving forward in this administration
95cb621f0195b183e878b0ebd8dee160,remove,,,Capital Planning: Mark Shapiro,6/9/2020,,Not moving forward in this administration
153160e062738fd7d68bb28f0e078fb4,remove,,,Capital Planning: Mark Shapiro,6/9/2020,,Not moving forward in this administration
bf2b10473adc912bbc685c696e13dc96,remove,,,Capital Planning: Mark Shapiro,6/9/2020,,Not moving forward in this administration
edf9f4c633bb1d87ffa97854a6748229,remove,,,Capital Planning: Mark Shapiro,6/24/2020,,No information on this project
10001,remove,,,Data Engineering,6/25/2020,,Reference 5/25 kpdb as base - issue #202
10008,remove,,,Data Engineering,6/25/2020,,Reference 5/25 kpdb as base - issue #202
09e0ca9581105062135bab8827d81c7d,remove,,,HED,4/28/2021,,cluster review
195d09833d5aaa5976f0cbb8ad611cf8,remove,,,HED,4/28/2021,,cluster review
fcce29296b47bee37ededdafd8c1d772,remove,,,HED,4/28/2021,,cluster review
799dbdc02be4bb1c327326c199fdef86,remove,,,HED,4/28/2021,,cluster review
d20aa12542ba484d66db8f8f6d840016,remove,,,HED,4/28/2021,,cluster review
922793ab90c7b57a776ad4b3ad848fe3,remove,,,HED,4/28/2021,,cluster review
16dc524af95b100b18d5a98c5a918a0c,remove,,,HED,4/28/2021,,cluster review
95464cfc537a07d0ffc82998f7c8736b,remove,,,HED,4/28/2021,,cluster review
4db1de5983953ebeb0c820683592c91c,remove,,,HED,4/28/2021,,cluster review
5c1a4ffddc78ecbf0468f131513d89bc,remove,,,HED,4/28/2021,,cluster review
26e45b4a20b26e5ddd1bdc8e63a16162,remove,,,HED,4/28/2021,,cluster review
7e99c9b71a1a8b5c4c42985a07429503,remove,,,HED,4/28/2021,,cluster review
43699d793dd6927fc39a3ad9354c5158,remove,,,HED,4/28/2021,,cluster review
b28af06ccccffcdee2849ca173f00931,remove,,,HED,4/28/2021,,cluster review
beaf1855ad8369bc72bcc54026fd41ad,remove,,,HED,4/28/2021,,cluster review
ded8798c506a9770de037c960dbf0198,remove,,,HED,4/28/2021,,cluster review
e3476739a26c252da50c94bea1926d43,remove,,,HED,6/9/2021,,Planner Outreach QN
81262184a91a085a04007212fcf3d1dc,remove,,,HED,6/9/2021,,Planner Outreach MN
2b286f30b13ab97995d2c03811429b96,remove,,,HED,7/30/2021,,final review
P2016X0167,units_gross,542,474,HD,2/6/2023,,
P2009M0294,units_gross,6074,5193,Capital Planning: Mark Shapiro,5/22/2020,WESTERN RAIL YARDS,"Recommendation to phase this project far back. Unit count taken from the projected unit count range provided in the 2009 WRY POA, as suggested by Annie."
P2009M0294,units_gross,,6074,Capital Planning: Mark Shapiro,4/29/2020,Western Rail Yards,Western Railyards EIS unit count is 6074.
P2015M0563,units_gross,,1,Capital Planning: Mark Shapiro,5/22/2020,129-131 Fifth Ave - Residential Conversion,0
2020Q0190,units_gross,,1800,Capital Planning: Mark Shapiro,5/22/2020,Willets Point Phase IB,"Mayor hasn't decided what to do with this. Either 1,800 affordable units or soccer stadium. Hye-Kyung would be shocked if started even 20 years from now."
2020Q0224,prop_within_5_years,0,0,Capital Planning: Mark Shapiro,6/9/2020,,Phasing: 100% in 10+ years bucket
2018R0392,units_gross,,4,HED,4/26/2021,,ZAP review
2021K0221,units_gross,,100,HED,4/28/2021,,cluster review
P2013X0348,units_gross,,3,HED,4/28/2021,,cluster review
bcce596d44e49de299e08c9459c3b44a,units_gross,64,814,HED,4/28/2021,,cluster review
P2015M0563,units_gross,,30,HED,6/9/2021,,Planner Outreach MN
P2013M0127,units_gross,,44,HED,6/9/2021,,Planner Outreach MN
P2013M0466,units_gross,,231,HED,6/9/2021,,Planner Outreach MN
P2012M0485,units_gross,,22,HED,6/9/2021,,Planner Outreach MN
P2013M0188,units_gross,,91,HED,6/9/2021,,Planner Outreach MN
P2016M0199,units_gross,,220,HED,6/9/2021,,Planner Outreach MN
P2012M0293,units_gross,,7,HED,6/9/2021,,Planner Outreach MN
P2013X0348,units_gross,,2,HED,6/9/2021,,Planner Outreach BX
2019X0305,units_gross,,402,HED,6/9/2021,,Planner Outreach BX
0efb2e50b0194ce6ff44ff0b73d59f18,units_gross,331,275,HED,6/9/2021,,Planner Outreach BK
2021K0221,units_gross,,151,HED,6/9/2021,,Planner Outreach BK
2019K0441,units_gross,,5,HED,6/9/2021,,Planner Outreach BK
2021K0194,units_gross,,22,HED,6/9/2021,,Planner Outreach BK
2021K0148,units_gross,,152,HED,6/9/2021,,Planner Outreach BK
2019K0442,units_gross,,83,HED,6/9/2021,,Planner Outreach BK
P2017K0314,units_gross,13,900,HED,6/9/2021,,Planner Outreach BK
2018K0395,units_gross,195,230,HED,6/9/2021,,Planner Outreach BK
d6611667a916f64e50d7a529fd4d1434,units_gross,230,232,HED,6/9/2021,,Planner Outreach BK
P2017Q0427,units_gross,188,250,HED,6/9/2021,,Planner Outreach QN
2021Q0365,units_gross,,347,HED,6/9/2021,,Planner Outreach QN
P2017Q0386,units_gross,,361,HED,6/9/2021,,Planner Outreach QN
2021Q0106,units_gross,,2800,HED,6/9/2021,,Planner Outreach QN
P2016Q0413,units_gross,,561,HED,6/9/2021,,Planner Outreach QN
P2016Q0098,units_gross,,60,HED,6/9/2021,,Planner Outreach QN
2020Q0378,units_gross,,177,HED,6/9/2021,,Planner Outreach QN
2018R0471,units_gross,,6,HD,2/6/2023,,
2019R0080,units_gross,,1,HD,2/6/2023,,
2020M0414,units_gross,,32,HD,2/6/2023,,
2020R0110,units_gross,,2,HD,2/6/2023,,
2020R0131,units_gross,,1,HD,2/6/2023,,
2020R0141,units_gross,,1,HD,2/6/2023,,
2020R0148,units_gross,,2,HD,2/6/2023,,
2020R0176,units_gross,,12,HD,2/6/2023,,
2020R0303,units_gross,,6,HD,2/6/2023,,
2020R0360,units_gross,,2,HD,2/6/2023,,
2021M0311,units_gross,,575,HD,2/6/2023,,
2021Q0426,units_gross,,1400,HD,2/6/2023,,
2021R0151,units_gross,,14,HD,2/6/2023,,
2021R0152,units_gross,,1,HD,2/6/2023,,
2021R0267,units_gross,,2,HD,2/6/2023,,
2021R0293,units_gross,,2,HD,2/6/2023,,
2021R0294,units_gross,,2,HD,2/6/2023,,
2021R0369,units_gross,,3,HD,2/6/2023,,
2021R0461,units_gross,,4,HD,2/6/2023,,
2022K0391,units_gross,,40,HD,2/6/2023,,
2022K0423,units_gross,,475,HD,2/6/2023,,
2022Q0309,units_gross,,138,HD,2/6/2023,,
2022R0164,units_gross,,9,HD,2/6/2023,,
2022R0169,units_gross,,6,HD,2/6/2023,,
2022R0229,units_gross,,20,HD,2/6/2023,,
2022R0384,units_gross,,3,HD,2/6/2023,,
2022R0454,units_gross,,6,HD,2/6/2023,,
2022R0455,units_gross,,2,HD,2/6/2023,,
2022X0205,units_gross,,152,HD,2/6/2023,,
2022X0282,units_gross,,274,HD,2/6/2023,,
2023M0117,units_gross,,677,HD,2/6/2023,,
2023R0189,units_gross,,300,HD,2/6/2023,,
2023X0227,units_gross,,970,HD,2/6/2023,,
P2011X0093,units_gross,,108,HD,2/6/2023,,
P2014K0438,units_gross,,1925,HD,2/6/2023,,
P2001R0247,units_gross,,50,HD,3/24/2023,,
P2014R0246,units_gross,,1,HD,3/24/2023,,
3d3a2dd3c6ec864f5e18cec8e03eb2a7,borough,,2,Data Engineering, 03/30/2023,784 COURTLANDT AVENUE,
ff4c3b3e09d4c3a0d527a5c7988242d0,borough,,3,Data Engineering, 03/30/2023,1559 PROSPECT PLACE,
0ce4a0321f576ad9b397dec9358f255f,borough,,3,Data Engineering, 03/30/2023,MWBE Site B - 1921 Atlantic Ave,
100c52f92560bc161659f99b08340e9f,borough,,2,Data Engineering, 03/30/2023,97 West 169 St,
1db4d18c803723face138966e70095d8,borough,,3,Data Engineering, 03/30/2023,NYCHA West Brighton RFP,
473c582483789bb07b5837ecdb746ae4,borough,,3,Data Engineering, 03/30/2023,Bedford-Stuyvesant Community Wealth and Wellness RFP (Fulton-Saratoga),
862c3d3640912f5ec6561375a03449ef,borough,,4,Data Engineering, 03/30/2023,Hunters Point F + G,
9bd199e88bb8dd9b128d0d3c71b520b5,borough,,4,Data Engineering, 03/30/2023,Hunters Point F + G,
defae821da6ac0b1a7610be5c7d5f484,borough,,1,Data Engineering, 03/30/2023,SustaiNYC (E. 111th Street),
